; Do not edit this file, it was generated by `get_holidays.py
; SPDX-FileCopyrightText: 2023 Helmholtz-Zentrum hereon GmbH
; SPDX-License-Identifier: CC0-1.0
Date,Holiday
1950-01-01,Aid al Mawlid Annabawi* (*estimated); Nouvel an - Premier janvier
1950-01-02,Aid al Mawlid Annabawi* (*estimated)
1950-01-11,Commémoration de la présentation du manifeste de l'indépendance
1950-05-01,Fête du Travail
1950-07-09,Fête du Trône
1950-07-16,Eid al-Fitr* (*estimated)
1950-07-17,Eid al-Fitr* (*estimated)
1950-08-14,Journée de Oued Ed-Dahab
1950-08-20,Commémoration de la révolution du Roi et du peuple
1950-09-23,Eid al-Adha* (*estimated)
1950-09-24,Eid al-Adha* (*estimated)
1950-10-13,1er Moharram* (*estimated)
1950-11-18,Fête du Trône
1950-12-22,Aid al Mawlid Annabawi* (*estimated)
1950-12-23,Aid al Mawlid Annabawi* (*estimated)
1951-01-01,Nouvel an - Premier janvier
1951-01-11,Commémoration de la présentation du manifeste de l'indépendance
1951-05-01,Fête du Travail
1951-07-06,Eid al-Fitr* (*estimated)
1951-07-07,Eid al-Fitr* (*estimated)
1951-07-09,Fête du Trône
1951-08-14,Journée de Oued Ed-Dahab
1951-08-20,Commémoration de la révolution du Roi et du peuple
1951-09-12,Eid al-Adha* (*estimated)
1951-09-13,Eid al-Adha* (*estimated)
1951-10-02,1er Moharram* (*estimated)
1951-11-18,Fête du Trône
1951-12-11,Aid al Mawlid Annabawi* (*estimated)
1951-12-12,Aid al Mawlid Annabawi* (*estimated)
1952-01-01,Nouvel an - Premier janvier
1952-01-11,Commémoration de la présentation du manifeste de l'indépendance
1952-05-01,Fête du Travail
1952-06-23,Eid al-Fitr* (*estimated)
1952-06-24,Eid al-Fitr* (*estimated)
1952-07-09,Fête du Trône
1952-08-14,Journée de Oued Ed-Dahab
1952-08-20,Commémoration de la révolution du Roi et du peuple
1952-08-31,Eid al-Adha* (*estimated)
1952-09-01,Eid al-Adha* (*estimated)
1952-09-21,1er Moharram* (*estimated)
1952-11-18,Fête du Trône
1952-11-30,Aid al Mawlid Annabawi* (*estimated)
1952-12-01,Aid al Mawlid Annabawi* (*estimated)
1953-01-01,Nouvel an - Premier janvier
1953-01-11,Commémoration de la présentation du manifeste de l'indépendance
1953-05-01,Fête du Travail
1953-06-13,Eid al-Fitr* (*estimated)
1953-06-14,Eid al-Fitr* (*estimated)
1953-07-09,Fête du Trône
1953-08-14,Journée de Oued Ed-Dahab
1953-08-20,Commémoration de la révolution du Roi et du peuple; Eid al-Adha* (*estimated)
1953-08-21,Eid al-Adha* (*estimated)
1953-09-10,1er Moharram* (*estimated)
1953-11-18,Fête du Trône
1953-11-19,Aid al Mawlid Annabawi* (*estimated)
1953-11-20,Aid al Mawlid Annabawi* (*estimated)
1954-01-01,Nouvel an - Premier janvier
1954-01-11,Commémoration de la présentation du manifeste de l'indépendance
1954-05-01,Fête du Travail
1954-06-02,Eid al-Fitr* (*estimated)
1954-06-03,Eid al-Fitr* (*estimated)
1954-07-09,Fête du Trône
1954-08-09,Eid al-Adha* (*estimated)
1954-08-10,Eid al-Adha* (*estimated)
1954-08-14,Journée de Oued Ed-Dahab
1954-08-20,Commémoration de la révolution du Roi et du peuple
1954-08-30,1er Moharram* (*estimated)
1954-11-08,Aid al Mawlid Annabawi* (*estimated)
1954-11-09,Aid al Mawlid Annabawi* (*estimated)
1954-11-18,Fête du Trône
1955-01-01,Nouvel an - Premier janvier
1955-01-11,Commémoration de la présentation du manifeste de l'indépendance
1955-05-01,Fête du Travail
1955-05-23,Eid al-Fitr* (*estimated)
1955-05-24,Eid al-Fitr* (*estimated)
1955-07-09,Fête du Trône
1955-07-30,Eid al-Adha* (*estimated)
1955-07-31,Eid al-Adha* (*estimated)
1955-08-14,Journée de Oued Ed-Dahab
1955-08-20,1er Moharram* (*estimated); Commémoration de la révolution du Roi et du peuple
1955-10-29,Aid al Mawlid Annabawi* (*estimated)
1955-10-30,Aid al Mawlid Annabawi* (*estimated)
1955-11-18,Fête du Trône
1956-01-01,Nouvel an - Premier janvier
1956-01-11,Commémoration de la présentation du manifeste de l'indépendance
1956-05-01,Fête du Travail
1956-05-11,Eid al-Fitr* (*estimated)
1956-05-12,Eid al-Fitr* (*estimated)
1956-07-09,Fête du Trône
1956-07-19,Eid al-Adha* (*estimated)
1956-07-20,Eid al-Adha* (*estimated)
1956-08-08,1er Moharram* (*estimated)
1956-08-14,Journée de Oued Ed-Dahab
1956-08-20,Commémoration de la révolution du Roi et du peuple
1956-10-17,Aid al Mawlid Annabawi* (*estimated)
1956-10-18,Aid al Mawlid Annabawi* (*estimated)
1956-11-18,Fête du Trône
1957-01-01,Nouvel an - Premier janvier
1957-01-11,Commémoration de la présentation du manifeste de l'indépendance
1957-05-01,Eid al-Fitr* (*estimated); Fête du Travail
1957-05-02,Eid al-Fitr* (*estimated)
1957-07-08,Eid al-Adha* (*estimated)
1957-07-09,Eid al-Adha* (*estimated); Fête du Trône
1957-07-28,1er Moharram* (*estimated)
1957-08-14,Journée de Oued Ed-Dahab
1957-08-20,Commémoration de la révolution du Roi et du peuple
1957-10-06,Aid al Mawlid Annabawi* (*estimated)
1957-10-07,Aid al Mawlid Annabawi* (*estimated)
1957-11-18,Fête de l'indépendance; Fête du Trône
1958-01-01,Nouvel an - Premier janvier
1958-01-11,Commémoration de la présentation du manifeste de l'indépendance
1958-04-20,Eid al-Fitr* (*estimated)
1958-04-21,Eid al-Fitr* (*estimated)
1958-05-01,Fête du Travail
1958-06-27,Eid al-Adha* (*estimated)
1958-06-28,Eid al-Adha* (*estimated)
1958-07-09,Fête du Trône
1958-07-18,1er Moharram* (*estimated)
1958-08-14,Journée de Oued Ed-Dahab
1958-08-20,Commémoration de la révolution du Roi et du peuple
1958-09-26,Aid al Mawlid Annabawi* (*estimated)
1958-09-27,Aid al Mawlid Annabawi* (*estimated)
1958-11-18,Fête de l'indépendance; Fête du Trône
1959-01-01,Nouvel an - Premier janvier
1959-01-11,Commémoration de la présentation du manifeste de l'indépendance
1959-04-10,Eid al-Fitr* (*estimated)
1959-04-11,Eid al-Fitr* (*estimated)
1959-05-01,Fête du Travail
1959-06-17,Eid al-Adha* (*estimated)
1959-06-18,Eid al-Adha* (*estimated)
1959-07-07,1er Moharram* (*estimated)
1959-07-09,Fête du Trône
1959-08-14,Journée de Oued Ed-Dahab
1959-08-20,Commémoration de la révolution du Roi et du peuple
1959-09-15,Aid al Mawlid Annabawi* (*estimated)
1959-09-16,Aid al Mawlid Annabawi* (*estimated)
1959-11-18,Fête de l'indépendance; Fête du Trône
1960-01-01,Nouvel an - Premier janvier
1960-01-11,Commémoration de la présentation du manifeste de l'indépendance
1960-03-28,Eid al-Fitr* (*estimated)
1960-03-29,Eid al-Fitr* (*estimated)
1960-05-01,Fête du Travail
1960-06-04,Eid al-Adha* (*estimated)
1960-06-05,Eid al-Adha* (*estimated)
1960-06-25,1er Moharram* (*estimated)
1960-07-09,Fête du Trône
1960-08-14,Journée de Oued Ed-Dahab
1960-08-20,Commémoration de la révolution du Roi et du peuple
1960-09-03,Aid al Mawlid Annabawi* (*estimated)
1960-09-04,Aid al Mawlid Annabawi* (*estimated)
1960-11-18,Fête de l'indépendance; Fête du Trône
1961-01-01,Nouvel an - Premier janvier
1961-01-11,Commémoration de la présentation du manifeste de l'indépendance
1961-03-18,Eid al-Fitr* (*estimated)
1961-03-19,Eid al-Fitr* (*estimated)
1961-05-01,Fête du Travail
1961-05-25,Eid al-Adha* (*estimated)
1961-05-26,Eid al-Adha* (*estimated)
1961-06-14,1er Moharram* (*estimated)
1961-07-09,Fête du Trône
1961-08-14,Journée de Oued Ed-Dahab
1961-08-20,Commémoration de la révolution du Roi et du peuple
1961-08-23,Aid al Mawlid Annabawi* (*estimated)
1961-08-24,Aid al Mawlid Annabawi* (*estimated)
1961-11-18,Fête de l'indépendance; Fête du Trône
1962-01-01,Nouvel an - Premier janvier
1962-01-11,Commémoration de la présentation du manifeste de l'indépendance
1962-03-07,Eid al-Fitr* (*estimated)
1962-03-08,Eid al-Fitr* (*estimated)
1962-05-01,Fête du Travail
1962-05-14,Eid al-Adha* (*estimated)
1962-05-15,Eid al-Adha* (*estimated)
1962-06-03,1er Moharram* (*estimated)
1962-07-09,Fête du Trône
1962-08-12,Aid al Mawlid Annabawi* (*estimated)
1962-08-13,Aid al Mawlid Annabawi* (*estimated)
1962-08-14,Journée de Oued Ed-Dahab
1962-08-20,Commémoration de la révolution du Roi et du peuple
1962-11-18,Fête de l'indépendance; Fête du Trône
1963-01-01,Nouvel an - Premier janvier
1963-01-11,Commémoration de la présentation du manifeste de l'indépendance
1963-02-24,Eid al-Fitr* (*estimated)
1963-02-25,Eid al-Fitr* (*estimated)
1963-03-03,Fête du Trône
1963-05-01,Fête du Travail
1963-05-03,Eid al-Adha* (*estimated)
1963-05-04,Eid al-Adha* (*estimated)
1963-05-24,1er Moharram* (*estimated)
1963-07-09,Fête du Trône
1963-08-02,Aid al Mawlid Annabawi* (*estimated)
1963-08-03,Aid al Mawlid Annabawi* (*estimated)
1963-08-14,Journée de Oued Ed-Dahab
1963-08-20,Commémoration de la révolution du Roi et du peuple
1963-11-18,Fête de l'indépendance
1964-01-01,Nouvel an - Premier janvier
1964-01-11,Commémoration de la présentation du manifeste de l'indépendance
1964-02-14,Eid al-Fitr* (*estimated)
1964-02-15,Eid al-Fitr* (*estimated)
1964-03-03,Fête du Trône
1964-04-22,Eid al-Adha* (*estimated)
1964-04-23,Eid al-Adha* (*estimated)
1964-05-01,Fête du Travail
1964-05-12,1er Moharram* (*estimated)
1964-07-09,Fête du Trône
1964-07-21,Aid al Mawlid Annabawi* (*estimated)
1964-07-22,Aid al Mawlid Annabawi* (*estimated)
1964-08-14,Journée de Oued Ed-Dahab
1964-08-20,Commémoration de la révolution du Roi et du peuple
1964-11-18,Fête de l'indépendance
1965-01-01,Nouvel an - Premier janvier
1965-01-11,Commémoration de la présentation du manifeste de l'indépendance
1965-02-02,Eid al-Fitr* (*estimated)
1965-02-03,Eid al-Fitr* (*estimated)
1965-03-03,Fête du Trône
1965-04-11,Eid al-Adha* (*estimated)
1965-04-12,Eid al-Adha* (*estimated)
1965-05-01,1er Moharram* (*estimated); Fête du Travail
1965-07-09,Fête du Trône
1965-07-10,Aid al Mawlid Annabawi* (*estimated)
1965-07-11,Aid al Mawlid Annabawi* (*estimated)
1965-08-14,Journée de Oued Ed-Dahab
1965-08-20,Commémoration de la révolution du Roi et du peuple
1965-11-18,Fête de l'indépendance
1966-01-01,Nouvel an - Premier janvier
1966-01-11,Commémoration de la présentation du manifeste de l'indépendance
1966-01-22,Eid al-Fitr* (*estimated)
1966-01-23,Eid al-Fitr* (*estimated)
1966-03-03,Fête du Trône
1966-04-01,Eid al-Adha* (*estimated)
1966-04-02,Eid al-Adha* (*estimated)
1966-04-21,1er Moharram* (*estimated)
1966-05-01,Fête du Travail
1966-07-01,Aid al Mawlid Annabawi* (*estimated)
1966-07-02,Aid al Mawlid Annabawi* (*estimated)
1966-07-09,Fête du Trône
1966-08-14,Journée de Oued Ed-Dahab
1966-08-20,Commémoration de la révolution du Roi et du peuple
1966-11-18,Fête de l'indépendance
1967-01-01,Nouvel an - Premier janvier
1967-01-11,Commémoration de la présentation du manifeste de l'indépendance
1967-01-12,Eid al-Fitr* (*estimated)
1967-01-13,Eid al-Fitr* (*estimated)
1967-03-03,Fête du Trône
1967-03-21,Eid al-Adha* (*estimated)
1967-03-22,Eid al-Adha* (*estimated)
1967-04-11,1er Moharram* (*estimated)
1967-05-01,Fête du Travail
1967-06-19,Aid al Mawlid Annabawi* (*estimated)
1967-06-20,Aid al Mawlid Annabawi* (*estimated)
1967-07-09,Fête du Trône
1967-08-14,Journée de Oued Ed-Dahab
1967-08-20,Commémoration de la révolution du Roi et du peuple
1967-11-18,Fête de l'indépendance
1968-01-01,Eid al-Fitr* (*estimated); Nouvel an - Premier janvier
1968-01-02,Eid al-Fitr* (*estimated)
1968-01-11,Commémoration de la présentation du manifeste de l'indépendance
1968-03-03,Fête du Trône
1968-03-09,Eid al-Adha* (*estimated)
1968-03-10,Eid al-Adha* (*estimated)
1968-03-30,1er Moharram* (*estimated)
1968-05-01,Fête du Travail
1968-06-08,Aid al Mawlid Annabawi* (*estimated)
1968-06-09,Aid al Mawlid Annabawi* (*estimated)
1968-07-09,Fête du Trône
1968-08-14,Journée de Oued Ed-Dahab
1968-08-20,Commémoration de la révolution du Roi et du peuple
1968-11-18,Fête de l'indépendance
1968-12-21,Eid al-Fitr* (*estimated)
1968-12-22,Eid al-Fitr* (*estimated)
1969-01-01,Nouvel an - Premier janvier
1969-01-11,Commémoration de la présentation du manifeste de l'indépendance
1969-02-27,Eid al-Adha* (*estimated)
1969-02-28,Eid al-Adha* (*estimated)
1969-03-03,Fête du Trône
1969-03-19,1er Moharram* (*estimated)
1969-05-01,Fête du Travail
1969-05-28,Aid al Mawlid Annabawi* (*estimated)
1969-05-29,Aid al Mawlid Annabawi* (*estimated)
1969-07-09,Fête du Trône
1969-08-14,Journée de Oued Ed-Dahab
1969-08-20,Commémoration de la révolution du Roi et du peuple
1969-11-18,Fête de l'indépendance
1969-12-10,Eid al-Fitr* (*estimated)
1969-12-11,Eid al-Fitr* (*estimated)
1970-01-01,Nouvel an - Premier janvier
1970-01-11,Commémoration de la présentation du manifeste de l'indépendance
1970-02-16,Eid al-Adha* (*estimated)
1970-02-17,Eid al-Adha* (*estimated)
1970-03-03,Fête du Trône
1970-03-09,1er Moharram* (*estimated)
1970-05-01,Fête du Travail
1970-05-18,Aid al Mawlid Annabawi* (*estimated)
1970-05-19,Aid al Mawlid Annabawi* (*estimated)
1970-07-09,Fête du Trône
1970-08-14,Journée de Oued Ed-Dahab
1970-08-20,Commémoration de la révolution du Roi et du peuple
1970-11-18,Fête de l'indépendance
1970-11-30,Eid al-Fitr* (*estimated)
1970-12-01,Eid al-Fitr* (*estimated)
1971-01-01,Nouvel an - Premier janvier
1971-01-11,Commémoration de la présentation du manifeste de l'indépendance
1971-02-06,Eid al-Adha* (*estimated)
1971-02-07,Eid al-Adha* (*estimated)
1971-02-26,1er Moharram* (*estimated)
1971-03-03,Fête du Trône
1971-05-01,Fête du Travail
1971-05-07,Aid al Mawlid Annabawi* (*estimated)
1971-05-08,Aid al Mawlid Annabawi* (*estimated)
1971-07-09,Fête du Trône
1971-08-14,Journée de Oued Ed-Dahab
1971-08-20,Commémoration de la révolution du Roi et du peuple
1971-11-18,Fête de l'indépendance
1971-11-19,Eid al-Fitr* (*estimated)
1971-11-20,Eid al-Fitr* (*estimated)
1972-01-01,Nouvel an - Premier janvier
1972-01-11,Commémoration de la présentation du manifeste de l'indépendance
1972-01-26,Eid al-Adha* (*estimated)
1972-01-27,Eid al-Adha* (*estimated)
1972-02-16,1er Moharram* (*estimated)
1972-03-03,Fête du Trône
1972-04-25,Aid al Mawlid Annabawi* (*estimated)
1972-04-26,Aid al Mawlid Annabawi* (*estimated)
1972-05-01,Fête du Travail
1972-07-09,Fête du Trône
1972-08-14,Journée de Oued Ed-Dahab
1972-08-20,Commémoration de la révolution du Roi et du peuple
1972-11-07,Eid al-Fitr* (*estimated)
1972-11-08,Eid al-Fitr* (*estimated)
1972-11-18,Fête de l'indépendance
1973-01-01,Nouvel an - Premier janvier
1973-01-11,Commémoration de la présentation du manifeste de l'indépendance
1973-01-14,Eid al-Adha* (*estimated)
1973-01-15,Eid al-Adha* (*estimated)
1973-02-04,1er Moharram* (*estimated)
1973-03-03,Fête du Trône
1973-04-15,Aid al Mawlid Annabawi* (*estimated)
1973-04-16,Aid al Mawlid Annabawi* (*estimated)
1973-05-01,Fête du Travail
1973-07-09,Fête du Trône
1973-08-14,Journée de Oued Ed-Dahab
1973-08-20,Commémoration de la révolution du Roi et du peuple
1973-10-27,Eid al-Fitr* (*estimated)
1973-10-28,Eid al-Fitr* (*estimated)
1973-11-18,Fête de l'indépendance
1974-01-01,Nouvel an - Premier janvier
1974-01-03,Eid al-Adha* (*estimated)
1974-01-04,Eid al-Adha* (*estimated)
1974-01-11,Commémoration de la présentation du manifeste de l'indépendance
1974-01-24,1er Moharram* (*estimated)
1974-03-03,Fête du Trône
1974-04-04,Aid al Mawlid Annabawi* (*estimated)
1974-04-05,Aid al Mawlid Annabawi* (*estimated)
1974-05-01,Fête du Travail
1974-07-09,Fête du Trône
1974-08-14,Journée de Oued Ed-Dahab
1974-08-20,Commémoration de la révolution du Roi et du peuple
1974-10-16,Eid al-Fitr* (*estimated)
1974-10-17,Eid al-Fitr* (*estimated)
1974-11-18,Fête de l'indépendance
1974-12-24,Eid al-Adha* (*estimated)
1974-12-25,Eid al-Adha* (*estimated)
1975-01-01,Nouvel an - Premier janvier
1975-01-11,Commémoration de la présentation du manifeste de l'indépendance
1975-01-13,1er Moharram* (*estimated)
1975-03-03,Fête du Trône
1975-03-24,Aid al Mawlid Annabawi* (*estimated)
1975-03-25,Aid al Mawlid Annabawi* (*estimated)
1975-05-01,Fête du Travail
1975-07-09,Fête du Trône
1975-08-14,Journée de Oued Ed-Dahab
1975-08-20,Commémoration de la révolution du Roi et du peuple
1975-10-06,Eid al-Fitr* (*estimated)
1975-10-07,Eid al-Fitr* (*estimated)
1975-11-18,Fête de l'indépendance
1975-12-13,Eid al-Adha* (*estimated)
1975-12-14,Eid al-Adha* (*estimated)
1976-01-01,Nouvel an - Premier janvier
1976-01-02,1er Moharram* (*estimated)
1976-01-11,Commémoration de la présentation du manifeste de l'indépendance
1976-03-03,Fête du Trône
1976-03-12,Aid al Mawlid Annabawi* (*estimated)
1976-03-13,Aid al Mawlid Annabawi* (*estimated)
1976-05-01,Fête du Travail
1976-07-09,Fête du Trône
1976-08-14,Journée de Oued Ed-Dahab
1976-08-20,Commémoration de la révolution du Roi et du peuple
1976-09-24,Eid al-Fitr* (*estimated)
1976-09-25,Eid al-Fitr* (*estimated)
1976-11-06,Marche verte
1976-11-18,Fête de l'indépendance
1976-12-01,Eid al-Adha* (*estimated)
1976-12-02,Eid al-Adha* (*estimated)
1976-12-22,1er Moharram* (*estimated)
1977-01-01,Nouvel an - Premier janvier
1977-01-11,Commémoration de la présentation du manifeste de l'indépendance
1977-03-02,Aid al Mawlid Annabawi* (*estimated)
1977-03-03,Aid al Mawlid Annabawi* (*estimated); Fête du Trône
1977-05-01,Fête du Travail
1977-07-09,Fête du Trône
1977-08-14,Journée de Oued Ed-Dahab
1977-08-20,Commémoration de la révolution du Roi et du peuple
1977-09-14,Eid al-Fitr* (*estimated)
1977-09-15,Eid al-Fitr* (*estimated)
1977-11-06,Marche verte
1977-11-18,Fête de l'indépendance
1977-11-21,Eid al-Adha* (*estimated)
1977-11-22,Eid al-Adha* (*estimated)
1977-12-11,1er Moharram* (*estimated)
1978-01-01,Nouvel an - Premier janvier
1978-01-11,Commémoration de la présentation du manifeste de l'indépendance
1978-02-19,Aid al Mawlid Annabawi* (*estimated)
1978-02-20,Aid al Mawlid Annabawi* (*estimated)
1978-03-03,Fête du Trône
1978-05-01,Fête du Travail
1978-07-09,Fête du Trône
1978-08-14,Journée de Oued Ed-Dahab
1978-08-20,Commémoration de la révolution du Roi et du peuple
1978-09-03,Eid al-Fitr* (*estimated)
1978-09-04,Eid al-Fitr* (*estimated)
1978-11-06,Marche verte
1978-11-10,Eid al-Adha* (*estimated)
1978-11-11,Eid al-Adha* (*estimated)
1978-11-18,Fête de l'indépendance
1978-12-01,1er Moharram* (*estimated)
1979-01-01,Nouvel an - Premier janvier
1979-01-11,Commémoration de la présentation du manifeste de l'indépendance
1979-02-09,Aid al Mawlid Annabawi* (*estimated)
1979-02-10,Aid al Mawlid Annabawi* (*estimated)
1979-03-03,Fête du Trône
1979-05-01,Fête du Travail
1979-07-09,Fête du Trône
1979-08-14,Journée de Oued Ed-Dahab
1979-08-20,Commémoration de la révolution du Roi et du peuple
1979-08-23,Eid al-Fitr* (*estimated)
1979-08-24,Eid al-Fitr* (*estimated)
1979-10-31,Eid al-Adha* (*estimated)
1979-11-01,Eid al-Adha* (*estimated)
1979-11-06,Marche verte
1979-11-18,Fête de l'indépendance
1979-11-20,1er Moharram* (*estimated)
1980-01-01,Nouvel an - Premier janvier
1980-01-11,Commémoration de la présentation du manifeste de l'indépendance
1980-01-30,Aid al Mawlid Annabawi* (*estimated)
1980-01-31,Aid al Mawlid Annabawi* (*estimated)
1980-03-03,Fête du Trône
1980-05-01,Fête du Travail
1980-07-09,Fête du Trône
1980-08-12,Eid al-Fitr* (*estimated)
1980-08-13,Eid al-Fitr* (*estimated)
1980-08-14,Journée de Oued Ed-Dahab
1980-08-20,Commémoration de la révolution du Roi et du peuple
1980-10-19,Eid al-Adha* (*estimated)
1980-10-20,Eid al-Adha* (*estimated)
1980-11-06,Marche verte
1980-11-09,1er Moharram* (*estimated)
1980-11-18,Fête de l'indépendance
1981-01-01,Nouvel an - Premier janvier
1981-01-11,Commémoration de la présentation du manifeste de l'indépendance
1981-01-18,Aid al Mawlid Annabawi* (*estimated)
1981-01-19,Aid al Mawlid Annabawi* (*estimated)
1981-03-03,Fête du Trône
1981-05-01,Fête du Travail
1981-07-09,Fête du Trône
1981-08-01,Eid al-Fitr* (*estimated)
1981-08-02,Eid al-Fitr* (*estimated)
1981-08-14,Journée de Oued Ed-Dahab
1981-08-20,Commémoration de la révolution du Roi et du peuple
1981-10-08,Eid al-Adha* (*estimated)
1981-10-09,Eid al-Adha* (*estimated)
1981-10-28,1er Moharram* (*estimated)
1981-11-06,Marche verte
1981-11-18,Fête de l'indépendance
1982-01-01,Nouvel an - Premier janvier
1982-01-07,Aid al Mawlid Annabawi* (*estimated)
1982-01-08,Aid al Mawlid Annabawi* (*estimated)
1982-01-11,Commémoration de la présentation du manifeste de l'indépendance
1982-03-03,Fête du Trône
1982-05-01,Fête du Travail
1982-07-09,Fête du Trône
1982-07-21,Eid al-Fitr* (*estimated)
1982-07-22,Eid al-Fitr* (*estimated)
1982-08-14,Journée de Oued Ed-Dahab
1982-08-20,Commémoration de la révolution du Roi et du peuple
1982-09-27,Eid al-Adha* (*estimated)
1982-09-28,Eid al-Adha* (*estimated)
1982-10-18,1er Moharram* (*estimated)
1982-11-06,Marche verte
1982-11-18,Fête de l'indépendance
1982-12-27,Aid al Mawlid Annabawi* (*estimated)
1982-12-28,Aid al Mawlid Annabawi* (*estimated)
1983-01-01,Nouvel an - Premier janvier
1983-01-11,Commémoration de la présentation du manifeste de l'indépendance
1983-03-03,Fête du Trône
1983-05-01,Fête du Travail
1983-07-09,Fête du Trône
1983-07-11,Eid al-Fitr* (*estimated)
1983-07-12,Eid al-Fitr* (*estimated)
1983-08-14,Journée de Oued Ed-Dahab
1983-08-20,Commémoration de la révolution du Roi et du peuple
1983-09-17,Eid al-Adha* (*estimated)
1983-09-18,Eid al-Adha* (*estimated)
1983-10-07,1er Moharram* (*estimated)
1983-11-06,Marche verte
1983-11-18,Fête de l'indépendance
1983-12-16,Aid al Mawlid Annabawi* (*estimated)
1983-12-17,Aid al Mawlid Annabawi* (*estimated)
1984-01-01,Nouvel an - Premier janvier
1984-01-11,Commémoration de la présentation du manifeste de l'indépendance
1984-03-03,Fête du Trône
1984-05-01,Fête du Travail
1984-06-30,Eid al-Fitr* (*estimated)
1984-07-01,Eid al-Fitr* (*estimated)
1984-07-09,Fête du Trône
1984-08-14,Journée de Oued Ed-Dahab
1984-08-20,Commémoration de la révolution du Roi et du peuple
1984-09-05,Eid al-Adha* (*estimated)
1984-09-06,Eid al-Adha* (*estimated)
1984-09-26,1er Moharram* (*estimated)
1984-11-06,Marche verte
1984-11-18,Fête de l'indépendance
1984-12-04,Aid al Mawlid Annabawi* (*estimated)
1984-12-05,Aid al Mawlid Annabawi* (*estimated)
1985-01-01,Nouvel an - Premier janvier
1985-01-11,Commémoration de la présentation du manifeste de l'indépendance
1985-03-03,Fête du Trône
1985-05-01,Fête du Travail
1985-06-19,Eid al-Fitr* (*estimated)
1985-06-20,Eid al-Fitr* (*estimated)
1985-07-09,Fête du Trône
1985-08-14,Journée de Oued Ed-Dahab
1985-08-20,Commémoration de la révolution du Roi et du peuple
1985-08-26,Eid al-Adha* (*estimated)
1985-08-27,Eid al-Adha* (*estimated)
1985-09-15,1er Moharram* (*estimated)
1985-11-06,Marche verte
1985-11-18,Fête de l'indépendance
1985-11-24,Aid al Mawlid Annabawi* (*estimated)
1985-11-25,Aid al Mawlid Annabawi* (*estimated)
1986-01-01,Nouvel an - Premier janvier
1986-01-11,Commémoration de la présentation du manifeste de l'indépendance
1986-03-03,Fête du Trône
1986-05-01,Fête du Travail
1986-06-08,Eid al-Fitr* (*estimated)
1986-06-09,Eid al-Fitr* (*estimated)
1986-07-09,Fête du Trône
1986-08-14,Journée de Oued Ed-Dahab
1986-08-15,Eid al-Adha* (*estimated)
1986-08-16,Eid al-Adha* (*estimated)
1986-08-20,Commémoration de la révolution du Roi et du peuple
1986-09-05,1er Moharram* (*estimated)
1986-11-06,Marche verte
1986-11-14,Aid al Mawlid Annabawi* (*estimated)
1986-11-15,Aid al Mawlid Annabawi* (*estimated)
1986-11-18,Fête de l'indépendance
1987-01-01,Nouvel an - Premier janvier
1987-01-11,Commémoration de la présentation du manifeste de l'indépendance
1987-03-03,Fête du Trône
1987-05-01,Fête du Travail
1987-05-28,Eid al-Fitr* (*estimated)
1987-05-29,Eid al-Fitr* (*estimated)
1987-07-09,Fête du Trône
1987-08-04,Eid al-Adha* (*estimated)
1987-08-05,Eid al-Adha* (*estimated)
1987-08-14,Journée de Oued Ed-Dahab
1987-08-20,Commémoration de la révolution du Roi et du peuple
1987-08-25,1er Moharram* (*estimated)
1987-11-03,Aid al Mawlid Annabawi* (*estimated)
1987-11-04,Aid al Mawlid Annabawi* (*estimated)
1987-11-06,Marche verte
1987-11-18,Fête de l'indépendance
1988-01-01,Nouvel an - Premier janvier
1988-01-11,Commémoration de la présentation du manifeste de l'indépendance
1988-03-03,Fête du Trône
1988-05-01,Fête du Travail
1988-05-16,Eid al-Fitr* (*estimated)
1988-05-17,Eid al-Fitr* (*estimated)
1988-07-09,Fête du Trône
1988-07-23,Eid al-Adha* (*estimated)
1988-07-24,Eid al-Adha* (*estimated)
1988-08-13,1er Moharram* (*estimated)
1988-08-14,Journée de Oued Ed-Dahab
1988-08-20,Commémoration de la révolution du Roi et du peuple
1988-10-22,Aid al Mawlid Annabawi* (*estimated)
1988-10-23,Aid al Mawlid Annabawi* (*estimated)
1988-11-06,Marche verte
1988-11-18,Fête de l'indépendance
1989-01-01,Nouvel an - Premier janvier
1989-01-11,Commémoration de la présentation du manifeste de l'indépendance
1989-03-03,Fête du Trône
1989-05-01,Fête du Travail
1989-05-06,Eid al-Fitr* (*estimated)
1989-05-07,Eid al-Fitr* (*estimated)
1989-07-09,Fête du Trône
1989-07-13,Eid al-Adha* (*estimated)
1989-07-14,Eid al-Adha* (*estimated)
1989-08-02,1er Moharram* (*estimated)
1989-08-14,Journée de Oued Ed-Dahab
1989-08-20,Commémoration de la révolution du Roi et du peuple
1989-10-11,Aid al Mawlid Annabawi* (*estimated)
1989-10-12,Aid al Mawlid Annabawi* (*estimated)
1989-11-06,Marche verte
1989-11-18,Fête de l'indépendance
1990-01-01,Nouvel an - Premier janvier
1990-01-11,Commémoration de la présentation du manifeste de l'indépendance
1990-03-03,Fête du Trône
1990-04-26,Eid al-Fitr* (*estimated)
1990-04-27,Eid al-Fitr* (*estimated)
1990-05-01,Fête du Travail
1990-07-02,Eid al-Adha* (*estimated)
1990-07-03,Eid al-Adha* (*estimated)
1990-07-09,Fête du Trône
1990-07-23,1er Moharram* (*estimated)
1990-08-14,Journée de Oued Ed-Dahab
1990-08-20,Commémoration de la révolution du Roi et du peuple
1990-10-01,Aid al Mawlid Annabawi* (*estimated)
1990-10-02,Aid al Mawlid Annabawi* (*estimated)
1990-11-06,Marche verte
1990-11-18,Fête de l'indépendance
1991-01-01,Nouvel an - Premier janvier
1991-01-11,Commémoration de la présentation du manifeste de l'indépendance
1991-03-03,Fête du Trône
1991-04-15,Eid al-Fitr* (*estimated)
1991-04-16,Eid al-Fitr* (*estimated)
1991-05-01,Fête du Travail
1991-06-22,Eid al-Adha* (*estimated)
1991-06-23,Eid al-Adha* (*estimated)
1991-07-09,Fête du Trône
1991-07-12,1er Moharram* (*estimated)
1991-08-14,Journée de Oued Ed-Dahab
1991-08-20,Commémoration de la révolution du Roi et du peuple
1991-09-20,Aid al Mawlid Annabawi* (*estimated)
1991-09-21,Aid al Mawlid Annabawi* (*estimated)
1991-11-06,Marche verte
1991-11-18,Fête de l'indépendance
1992-01-01,Nouvel an - Premier janvier
1992-01-11,Commémoration de la présentation du manifeste de l'indépendance
1992-03-03,Fête du Trône
1992-04-04,Eid al-Fitr* (*estimated)
1992-04-05,Eid al-Fitr* (*estimated)
1992-05-01,Fête du Travail
1992-06-11,Eid al-Adha* (*estimated)
1992-06-12,Eid al-Adha* (*estimated)
1992-07-01,1er Moharram* (*estimated)
1992-07-09,Fête du Trône
1992-08-14,Journée de Oued Ed-Dahab
1992-08-20,Commémoration de la révolution du Roi et du peuple
1992-09-09,Aid al Mawlid Annabawi* (*estimated)
1992-09-10,Aid al Mawlid Annabawi* (*estimated)
1992-11-06,Marche verte
1992-11-18,Fête de l'indépendance
1993-01-01,Nouvel an - Premier janvier
1993-01-11,Commémoration de la présentation du manifeste de l'indépendance
1993-03-03,Fête du Trône
1993-03-24,Eid al-Fitr* (*estimated)
1993-03-25,Eid al-Fitr* (*estimated)
1993-05-01,Fête du Travail
1993-05-31,Eid al-Adha* (*estimated)
1993-06-01,Eid al-Adha* (*estimated)
1993-06-21,1er Moharram* (*estimated)
1993-07-09,Fête du Trône
1993-08-14,Journée de Oued Ed-Dahab
1993-08-20,Commémoration de la révolution du Roi et du peuple
1993-08-29,Aid al Mawlid Annabawi* (*estimated)
1993-08-30,Aid al Mawlid Annabawi* (*estimated)
1993-11-06,Marche verte
1993-11-18,Fête de l'indépendance
1994-01-01,Nouvel an - Premier janvier
1994-01-11,Commémoration de la présentation du manifeste de l'indépendance
1994-03-03,Fête du Trône
1994-03-13,Eid al-Fitr* (*estimated)
1994-03-14,Eid al-Fitr* (*estimated)
1994-05-01,Fête du Travail
1994-05-20,Eid al-Adha* (*estimated)
1994-05-21,Eid al-Adha* (*estimated)
1994-06-10,1er Moharram* (*estimated)
1994-07-09,Fête du Trône
1994-08-14,Journée de Oued Ed-Dahab
1994-08-19,Aid al Mawlid Annabawi* (*estimated)
1994-08-20,Aid al Mawlid Annabawi* (*estimated); Commémoration de la révolution du Roi et du peuple
1994-11-06,Marche verte
1994-11-18,Fête de l'indépendance
1995-01-01,Nouvel an - Premier janvier
1995-01-11,Commémoration de la présentation du manifeste de l'indépendance
1995-03-02,Eid al-Fitr* (*estimated)
1995-03-03,Eid al-Fitr* (*estimated); Fête du Trône
1995-05-01,Fête du Travail
1995-05-09,Eid al-Adha* (*estimated)
1995-05-10,Eid al-Adha* (*estimated)
1995-05-30,1er Moharram* (*estimated)
1995-07-09,Fête du Trône
1995-08-08,Aid al Mawlid Annabawi* (*estimated)
1995-08-09,Aid al Mawlid Annabawi* (*estimated)
1995-08-14,Journée de Oued Ed-Dahab
1995-08-20,Commémoration de la révolution du Roi et du peuple
1995-11-06,Marche verte
1995-11-18,Fête de l'indépendance
1996-01-01,Nouvel an - Premier janvier
1996-01-11,Commémoration de la présentation du manifeste de l'indépendance
1996-02-19,Eid al-Fitr* (*estimated)
1996-02-20,Eid al-Fitr* (*estimated)
1996-03-03,Fête du Trône
1996-04-27,Eid al-Adha* (*estimated)
1996-04-28,Eid al-Adha* (*estimated)
1996-05-01,Fête du Travail
1996-05-18,1er Moharram* (*estimated)
1996-07-09,Fête du Trône
1996-07-27,Aid al Mawlid Annabawi* (*estimated)
1996-07-28,Aid al Mawlid Annabawi* (*estimated)
1996-08-14,Journée de Oued Ed-Dahab
1996-08-20,Commémoration de la révolution du Roi et du peuple
1996-11-06,Marche verte
1996-11-18,Fête de l'indépendance
1997-01-01,Nouvel an - Premier janvier
1997-01-11,Commémoration de la présentation du manifeste de l'indépendance
1997-02-08,Eid al-Fitr* (*estimated)
1997-02-09,Eid al-Fitr* (*estimated)
1997-03-03,Fête du Trône
1997-04-17,Eid al-Adha* (*estimated)
1997-04-18,Eid al-Adha* (*estimated)
1997-05-01,Fête du Travail
1997-05-07,1er Moharram* (*estimated)
1997-07-09,Fête du Trône
1997-07-16,Aid al Mawlid Annabawi* (*estimated)
1997-07-17,Aid al Mawlid Annabawi* (*estimated)
1997-08-14,Journée de Oued Ed-Dahab
1997-08-20,Commémoration de la révolution du Roi et du peuple
1997-11-06,Marche verte
1997-11-18,Fête de l'indépendance
1998-01-01,Nouvel an - Premier janvier
1998-01-11,Commémoration de la présentation du manifeste de l'indépendance
1998-01-29,Eid al-Fitr* (*estimated)
1998-01-30,Eid al-Fitr* (*estimated)
1998-03-03,Fête du Trône
1998-04-07,Eid al-Adha* (*estimated)
1998-04-08,Eid al-Adha* (*estimated)
1998-04-27,1er Moharram* (*estimated)
1998-05-01,Fête du Travail
1998-07-06,Aid al Mawlid Annabawi* (*estimated)
1998-07-07,Aid al Mawlid Annabawi* (*estimated)
1998-07-09,Fête du Trône
1998-08-14,Journée de Oued Ed-Dahab
1998-08-20,Commémoration de la révolution du Roi et du peuple
1998-11-06,Marche verte
1998-11-18,Fête de l'indépendance
1999-01-01,Nouvel an - Premier janvier
1999-01-11,Commémoration de la présentation du manifeste de l'indépendance
1999-01-18,Eid al-Fitr* (*estimated)
1999-01-19,Eid al-Fitr* (*estimated)
1999-03-03,Fête du Trône
1999-03-27,Eid al-Adha* (*estimated)
1999-03-28,Eid al-Adha* (*estimated)
1999-04-17,1er Moharram* (*estimated)
1999-05-01,Fête du Travail
1999-06-26,Aid al Mawlid Annabawi* (*estimated)
1999-06-27,Aid al Mawlid Annabawi* (*estimated)
1999-07-09,Fête du Trône
1999-08-14,Journée de Oued Ed-Dahab
1999-08-20,Commémoration de la révolution du Roi et du peuple
1999-11-06,Marche verte
1999-11-18,Fête de l'indépendance
2000-01-01,Nouvel an - Premier janvier
2000-01-08,Eid al-Fitr* (*estimated)
2000-01-09,Eid al-Fitr* (*estimated)
2000-01-11,Commémoration de la présentation du manifeste de l'indépendance
2000-03-03,Fête du Trône
2000-03-16,Eid al-Adha* (*estimated)
2000-03-17,Eid al-Adha* (*estimated)
2000-04-06,1er Moharram* (*estimated)
2000-05-01,Fête du Travail
2000-06-14,Aid al Mawlid Annabawi* (*estimated)
2000-06-15,Aid al Mawlid Annabawi* (*estimated)
2000-07-09,Fête du Trône
2000-08-14,Journée de Oued Ed-Dahab
2000-08-20,Commémoration de la révolution du Roi et du peuple
2000-11-06,Marche verte
2000-11-18,Fête de l'indépendance
2000-12-27,Eid al-Fitr* (*estimated)
2000-12-28,Eid al-Fitr* (*estimated)
2001-01-01,Nouvel an - Premier janvier
2001-01-11,Commémoration de la présentation du manifeste de l'indépendance
2001-03-05,Eid al-Adha* (*estimated)
2001-03-06,Eid al-Adha* (*estimated)
2001-03-26,1er Moharram* (*estimated)
2001-05-01,Fête du Travail
2001-06-04,Aid al Mawlid Annabawi* (*estimated)
2001-06-05,Aid al Mawlid Annabawi* (*estimated)
2001-07-30,Fête du Trône
2001-08-14,Journée de Oued Ed-Dahab
2001-08-20,Commémoration de la révolution du Roi et du peuple
2001-08-21,Fête de la jeunesse
2001-11-06,Marche verte
2001-11-18,Fête de l'indépendance
2001-12-16,Eid al-Fitr* (*estimated)
2001-12-17,Eid al-Fitr* (*estimated)
2002-01-01,Nouvel an - Premier janvier
2002-01-11,Commémoration de la présentation du manifeste de l'indépendance
2002-02-22,Eid al-Adha* (*estimated)
2002-02-23,Eid al-Adha* (*estimated)
2002-03-15,1er Moharram* (*estimated)
2002-05-01,Fête du Travail
2002-05-24,Aid al Mawlid Annabawi* (*estimated)
2002-05-25,Aid al Mawlid Annabawi* (*estimated)
2002-07-30,Fête du Trône
2002-08-14,Journée de Oued Ed-Dahab
2002-08-20,Commémoration de la révolution du Roi et du peuple
2002-08-21,Fête de la jeunesse
2002-11-06,Marche verte
2002-11-18,Fête de l'indépendance
2002-12-05,Eid al-Fitr* (*estimated)
2002-12-06,Eid al-Fitr* (*estimated)
2003-01-01,Nouvel an - Premier janvier
2003-01-11,Commémoration de la présentation du manifeste de l'indépendance
2003-02-11,Eid al-Adha* (*estimated)
2003-02-12,Eid al-Adha* (*estimated)
2003-03-04,1er Moharram* (*estimated)
2003-05-01,Fête du Travail
2003-05-13,Aid al Mawlid Annabawi* (*estimated)
2003-05-14,Aid al Mawlid Annabawi* (*estimated)
2003-07-30,Fête du Trône
2003-08-14,Journée de Oued Ed-Dahab
2003-08-20,Commémoration de la révolution du Roi et du peuple
2003-08-21,Fête de la jeunesse
2003-11-06,Marche verte
2003-11-18,Fête de l'indépendance
2003-11-25,Eid al-Fitr* (*estimated)
2003-11-26,Eid al-Fitr* (*estimated)
2004-01-01,Nouvel an - Premier janvier
2004-01-11,Commémoration de la présentation du manifeste de l'indépendance
2004-02-01,Eid al-Adha* (*estimated)
2004-02-02,Eid al-Adha* (*estimated)
2004-02-21,1er Moharram* (*estimated)
2004-05-01,Aid al Mawlid Annabawi* (*estimated); Fête du Travail
2004-05-02,Aid al Mawlid Annabawi* (*estimated)
2004-07-30,Fête du Trône
2004-08-14,Journée de Oued Ed-Dahab
2004-08-20,Commémoration de la révolution du Roi et du peuple
2004-08-21,Fête de la jeunesse
2004-11-06,Marche verte
2004-11-14,Eid al-Fitr* (*estimated)
2004-11-15,Eid al-Fitr* (*estimated)
2004-11-18,Fête de l'indépendance
2005-01-01,Nouvel an - Premier janvier
2005-01-11,Commémoration de la présentation du manifeste de l'indépendance
2005-01-21,Eid al-Adha* (*estimated)
2005-01-22,Eid al-Adha* (*estimated)
2005-02-10,1er Moharram* (*estimated)
2005-04-21,Aid al Mawlid Annabawi* (*estimated)
2005-04-22,Aid al Mawlid Annabawi* (*estimated)
2005-05-01,Fête du Travail
2005-07-30,Fête du Trône
2005-08-14,Journée de Oued Ed-Dahab
2005-08-20,Commémoration de la révolution du Roi et du peuple
2005-08-21,Fête de la jeunesse
2005-11-03,Eid al-Fitr* (*estimated)
2005-11-04,Eid al-Fitr* (*estimated)
2005-11-06,Marche verte
2005-11-18,Fête de l'indépendance
2006-01-01,Nouvel an - Premier janvier
2006-01-10,Eid al-Adha* (*estimated)
2006-01-11,Commémoration de la présentation du manifeste de l'indépendance; Eid al-Adha* (*estimated)
2006-01-31,1er Moharram* (*estimated)
2006-04-10,Aid al Mawlid Annabawi* (*estimated)
2006-04-11,Aid al Mawlid Annabawi* (*estimated)
2006-05-01,Fête du Travail
2006-07-30,Fête du Trône
2006-08-14,Journée de Oued Ed-Dahab
2006-08-20,Commémoration de la révolution du Roi et du peuple
2006-08-21,Fête de la jeunesse
2006-10-23,Eid al-Fitr* (*estimated)
2006-10-24,Eid al-Fitr* (*estimated)
2006-11-06,Marche verte
2006-11-18,Fête de l'indépendance
2006-12-31,Eid al-Adha* (*estimated)
2007-01-01,Eid al-Adha* (*estimated); Nouvel an - Premier janvier
2007-01-11,Commémoration de la présentation du manifeste de l'indépendance
2007-01-20,1er Moharram* (*estimated)
2007-03-31,Aid al Mawlid Annabawi* (*estimated)
2007-04-01,Aid al Mawlid Annabawi* (*estimated)
2007-05-01,Fête du Travail
2007-07-30,Fête du Trône
2007-08-14,Journée de Oued Ed-Dahab
2007-08-20,Commémoration de la révolution du Roi et du peuple
2007-08-21,Fête de la jeunesse
2007-10-13,Eid al-Fitr* (*estimated)
2007-10-14,Eid al-Fitr* (*estimated)
2007-11-06,Marche verte
2007-11-18,Fête de l'indépendance
2007-12-20,Eid al-Adha* (*estimated)
2007-12-21,Eid al-Adha* (*estimated)
2008-01-01,Nouvel an - Premier janvier
2008-01-10,1er Moharram* (*estimated)
2008-01-11,Commémoration de la présentation du manifeste de l'indépendance
2008-03-20,Aid al Mawlid Annabawi* (*estimated)
2008-03-21,Aid al Mawlid Annabawi* (*estimated)
2008-05-01,Fête du Travail
2008-07-30,Fête du Trône
2008-08-14,Journée de Oued Ed-Dahab
2008-08-20,Commémoration de la révolution du Roi et du peuple
2008-08-21,Fête de la jeunesse
2008-10-01,Eid al-Fitr* (*estimated)
2008-10-02,Eid al-Fitr* (*estimated)
2008-11-06,Marche verte
2008-11-18,Fête de l'indépendance
2008-12-08,Eid al-Adha* (*estimated)
2008-12-09,Eid al-Adha* (*estimated)
2008-12-29,1er Moharram* (*estimated)
2009-01-01,Nouvel an - Premier janvier
2009-01-11,Commémoration de la présentation du manifeste de l'indépendance
2009-03-09,Aid al Mawlid Annabawi* (*estimated)
2009-03-10,Aid al Mawlid Annabawi* (*estimated)
2009-05-01,Fête du Travail
2009-07-30,Fête du Trône
2009-08-14,Journée de Oued Ed-Dahab
2009-08-20,Commémoration de la révolution du Roi et du peuple
2009-08-21,Fête de la jeunesse
2009-09-20,Eid al-Fitr* (*estimated)
2009-09-21,Eid al-Fitr* (*estimated)
2009-11-06,Marche verte
2009-11-18,Fête de l'indépendance
2009-11-27,Eid al-Adha* (*estimated)
2009-11-28,Eid al-Adha* (*estimated)
2009-12-18,1er Moharram* (*estimated)
2010-01-01,Nouvel an - Premier janvier
2010-01-11,Commémoration de la présentation du manifeste de l'indépendance
2010-02-26,Aid al Mawlid Annabawi* (*estimated)
2010-02-27,Aid al Mawlid Annabawi* (*estimated)
2010-05-01,Fête du Travail
2010-07-30,Fête du Trône
2010-08-14,Journée de Oued Ed-Dahab
2010-08-20,Commémoration de la révolution du Roi et du peuple
2010-08-21,Fête de la jeunesse
2010-09-10,Eid al-Fitr* (*estimated)
2010-09-11,Eid al-Fitr* (*estimated)
2010-11-06,Marche verte
2010-11-16,Eid al-Adha* (*estimated)
2010-11-17,Eid al-Adha* (*estimated)
2010-11-18,Fête de l'indépendance
2010-12-07,1er Moharram* (*estimated)
2011-01-01,Nouvel an - Premier janvier
2011-01-11,Commémoration de la présentation du manifeste de l'indépendance
2011-02-15,Aid al Mawlid Annabawi* (*estimated)
2011-02-16,Aid al Mawlid Annabawi* (*estimated)
2011-05-01,Fête du Travail
2011-07-30,Fête du Trône
2011-08-14,Journée de Oued Ed-Dahab
2011-08-20,Commémoration de la révolution du Roi et du peuple
2011-08-21,Fête de la jeunesse
2011-08-30,Eid al-Fitr* (*estimated)
2011-08-31,Eid al-Fitr* (*estimated)
2011-11-06,Eid al-Adha* (*estimated); Marche verte
2011-11-07,Eid al-Adha* (*estimated)
2011-11-18,Fête de l'indépendance
2011-11-26,1er Moharram* (*estimated)
2012-01-01,Nouvel an - Premier janvier
2012-01-11,Commémoration de la présentation du manifeste de l'indépendance
2012-02-04,Aid al Mawlid Annabawi* (*estimated)
2012-02-05,Aid al Mawlid Annabawi* (*estimated)
2012-05-01,Fête du Travail
2012-07-30,Fête du Trône
2012-08-14,Journée de Oued Ed-Dahab
2012-08-19,Eid al-Fitr* (*estimated)
2012-08-20,Commémoration de la révolution du Roi et du peuple; Eid al-Fitr* (*estimated)
2012-08-21,Fête de la jeunesse
2012-10-26,Eid al-Adha* (*estimated)
2012-10-27,Eid al-Adha* (*estimated)
2012-11-06,Marche verte
2012-11-15,1er Moharram* (*estimated)
2012-11-18,Fête de l'indépendance
2013-01-01,Nouvel an - Premier janvier
2013-01-11,Commémoration de la présentation du manifeste de l'indépendance
2013-01-24,Aid al Mawlid Annabawi* (*estimated)
2013-01-25,Aid al Mawlid Annabawi* (*estimated)
2013-05-01,Fête du Travail
2013-07-30,Fête du Trône
2013-08-08,Eid al-Fitr* (*estimated)
2013-08-09,Eid al-Fitr* (*estimated)
2013-08-14,Journée de Oued Ed-Dahab
2013-08-20,Commémoration de la révolution du Roi et du peuple
2013-08-21,Fête de la jeunesse
2013-10-15,Eid al-Adha* (*estimated)
2013-10-16,Eid al-Adha* (*estimated)
2013-11-04,1er Moharram* (*estimated)
2013-11-06,Marche verte
2013-11-18,Fête de l'indépendance
2014-01-01,Nouvel an - Premier janvier
2014-01-11,Commémoration de la présentation du manifeste de l'indépendance
2014-01-13,Aid al Mawlid Annabawi* (*estimated)
2014-01-14,Aid al Mawlid Annabawi* (*estimated)
2014-05-01,Fête du Travail
2014-07-28,Eid al-Fitr* (*estimated)
2014-07-29,Eid al-Fitr* (*estimated)
2014-07-30,Fête du Trône
2014-08-14,Journée de Oued Ed-Dahab
2014-08-20,Commémoration de la révolution du Roi et du peuple
2014-08-21,Fête de la jeunesse
2014-10-04,Eid al-Adha* (*estimated)
2014-10-05,Eid al-Adha* (*estimated)
2014-10-25,1er Moharram* (*estimated)
2014-11-06,Marche verte
2014-11-18,Fête de l'indépendance
2015-01-01,Nouvel an - Premier janvier
2015-01-03,Aid al Mawlid Annabawi* (*estimated)
2015-01-04,Aid al Mawlid Annabawi* (*estimated)
2015-01-11,Commémoration de la présentation du manifeste de l'indépendance
2015-05-01,Fête du Travail
2015-07-17,Eid al-Fitr* (*estimated)
2015-07-18,Eid al-Fitr* (*estimated)
2015-07-30,Fête du Trône
2015-08-14,Journée de Oued Ed-Dahab
2015-08-20,Commémoration de la révolution du Roi et du peuple
2015-08-21,Fête de la jeunesse
2015-09-23,Eid al-Adha* (*estimated)
2015-09-24,Eid al-Adha* (*estimated)
2015-10-14,1er Moharram* (*estimated)
2015-11-06,Marche verte
2015-11-18,Fête de l'indépendance
2015-12-23,Aid al Mawlid Annabawi* (*estimated)
2015-12-24,Aid al Mawlid Annabawi* (*estimated)
2016-01-01,Nouvel an - Premier janvier
2016-01-11,Commémoration de la présentation du manifeste de l'indépendance
2016-05-01,Fête du Travail
2016-07-06,Eid al-Fitr* (*estimated)
2016-07-07,Eid al-Fitr* (*estimated)
2016-07-30,Fête du Trône
2016-08-14,Journée de Oued Ed-Dahab
2016-08-20,Commémoration de la révolution du Roi et du peuple
2016-08-21,Fête de la jeunesse
2016-09-11,Eid al-Adha* (*estimated)
2016-09-12,Eid al-Adha* (*estimated)
2016-10-02,1er Moharram* (*estimated)
2016-11-06,Marche verte
2016-11-18,Fête de l'indépendance
2016-12-11,Aid al Mawlid Annabawi* (*estimated)
2016-12-12,Aid al Mawlid Annabawi* (*estimated)
2017-01-01,Nouvel an - Premier janvier
2017-01-11,Commémoration de la présentation du manifeste de l'indépendance
2017-05-01,Fête du Travail
2017-06-25,Eid al-Fitr* (*estimated)
2017-06-26,Eid al-Fitr* (*estimated)
2017-07-30,Fête du Trône
2017-08-14,Journée de Oued Ed-Dahab
2017-08-20,Commémoration de la révolution du Roi et du peuple
2017-08-21,Fête de la jeunesse
2017-09-01,Eid al-Adha* (*estimated)
2017-09-02,Eid al-Adha* (*estimated)
2017-09-21,1er Moharram* (*estimated)
2017-11-06,Marche verte
2017-11-18,Fête de l'indépendance
2017-11-30,Aid al Mawlid Annabawi* (*estimated)
2017-12-01,Aid al Mawlid Annabawi* (*estimated)
2018-01-01,Nouvel an - Premier janvier
2018-01-11,Commémoration de la présentation du manifeste de l'indépendance
2018-05-01,Fête du Travail
2018-06-15,Eid al-Fitr* (*estimated)
2018-06-16,Eid al-Fitr* (*estimated)
2018-07-30,Fête du Trône
2018-08-14,Journée de Oued Ed-Dahab
2018-08-20,Commémoration de la révolution du Roi et du peuple
2018-08-21,Eid al-Adha* (*estimated); Fête de la jeunesse
2018-08-22,Eid al-Adha* (*estimated)
2018-09-11,1er Moharram* (*estimated)
2018-11-06,Marche verte
2018-11-18,Fête de l'indépendance
2018-11-20,Aid al Mawlid Annabawi* (*estimated)
2018-11-21,Aid al Mawlid Annabawi* (*estimated)
2019-01-01,Nouvel an - Premier janvier
2019-01-11,Commémoration de la présentation du manifeste de l'indépendance
2019-05-01,Fête du Travail
2019-06-04,Eid al-Fitr* (*estimated)
2019-06-05,Eid al-Fitr* (*estimated)
2019-07-30,Fête du Trône
2019-08-11,Eid al-Adha* (*estimated)
2019-08-12,Eid al-Adha* (*estimated)
2019-08-14,Journée de Oued Ed-Dahab
2019-08-20,Commémoration de la révolution du Roi et du peuple
2019-08-21,Fête de la jeunesse
2019-08-31,1er Moharram* (*estimated)
2019-11-06,Marche verte
2019-11-09,Aid al Mawlid Annabawi* (*estimated)
2019-11-10,Aid al Mawlid Annabawi* (*estimated)
2019-11-18,Fête de l'indépendance
2020-01-01,Nouvel an - Premier janvier
2020-01-11,Commémoration de la présentation du manifeste de l'indépendance
2020-05-01,Fête du Travail
2020-05-24,Eid al-Fitr* (*estimated)
2020-05-25,Eid al-Fitr* (*estimated)
2020-07-30,Fête du Trône
2020-07-31,Eid al-Adha* (*estimated)
2020-08-01,Eid al-Adha* (*estimated)
2020-08-14,Journée de Oued Ed-Dahab
2020-08-20,1er Moharram* (*estimated); Commémoration de la révolution du Roi et du peuple
2020-08-21,Fête de la jeunesse
2020-10-29,Aid al Mawlid Annabawi* (*estimated)
2020-10-30,Aid al Mawlid Annabawi* (*estimated)
2020-11-06,Marche verte
2020-11-18,Fête de l'indépendance
2021-01-01,Nouvel an - Premier janvier
2021-01-11,Commémoration de la présentation du manifeste de l'indépendance
2021-05-01,Fête du Travail
2021-05-13,Eid al-Fitr* (*estimated)
2021-05-14,Eid al-Fitr* (*estimated)
2021-07-20,Eid al-Adha* (*estimated)
2021-07-21,Eid al-Adha* (*estimated)
2021-07-30,Fête du Trône
2021-08-09,1er Moharram* (*estimated)
2021-08-14,Journée de Oued Ed-Dahab
2021-08-20,Commémoration de la révolution du Roi et du peuple
2021-08-21,Fête de la jeunesse
2021-10-18,Aid al Mawlid Annabawi* (*estimated)
2021-10-19,Aid al Mawlid Annabawi* (*estimated)
2021-11-06,Marche verte
2021-11-18,Fête de l'indépendance
2022-01-01,Nouvel an - Premier janvier
2022-01-11,Commémoration de la présentation du manifeste de l'indépendance
2022-05-01,Fête du Travail
2022-05-02,Eid al-Fitr* (*estimated)
2022-05-03,Eid al-Fitr* (*estimated)
2022-07-09,Eid al-Adha* (*estimated)
2022-07-10,Eid al-Adha* (*estimated)
2022-07-30,1er Moharram* (*estimated); Fête du Trône
2022-08-14,Journée de Oued Ed-Dahab
2022-08-20,Commémoration de la révolution du Roi et du peuple
2022-08-21,Fête de la jeunesse
2022-10-08,Aid al Mawlid Annabawi* (*estimated)
2022-10-09,Aid al Mawlid Annabawi* (*estimated)
2022-11-06,Marche verte
2022-11-18,Fête de l'indépendance
2023-01-01,Nouvel an - Premier janvier
2023-01-11,Commémoration de la présentation du manifeste de l'indépendance
2023-04-21,Eid al-Fitr* (*estimated)
2023-04-22,Eid al-Fitr* (*estimated)
2023-05-01,Fête du Travail
2023-06-28,Eid al-Adha* (*estimated)
2023-06-29,Eid al-Adha* (*estimated)
2023-07-19,1er Moharram* (*estimated)
2023-07-30,Fête du Trône
2023-08-14,Journée de Oued Ed-Dahab
2023-08-20,Commémoration de la révolution du Roi et du peuple
2023-08-21,Fête de la jeunesse
2023-09-27,Aid al Mawlid Annabawi* (*estimated)
2023-09-28,Aid al Mawlid Annabawi* (*estimated)
2023-11-06,Marche verte
2023-11-18,Fête de l'indépendance
2024-01-01,Nouvel an - Premier janvier
2024-01-11,Commémoration de la présentation du manifeste de l'indépendance
2024-04-10,Eid al-Fitr* (*estimated)
2024-04-11,Eid al-Fitr* (*estimated)
2024-05-01,Fête du Travail
2024-06-16,Eid al-Adha* (*estimated)
2024-06-17,Eid al-Adha* (*estimated)
2024-07-07,1er Moharram* (*estimated)
2024-07-30,Fête du Trône
2024-08-14,Journée de Oued Ed-Dahab
2024-08-20,Commémoration de la révolution du Roi et du peuple
2024-08-21,Fête de la jeunesse
2024-09-15,Aid al Mawlid Annabawi* (*estimated)
2024-09-16,Aid al Mawlid Annabawi* (*estimated)
2024-11-06,Marche verte
2024-11-18,Fête de l'indépendance
2025-01-01,Nouvel an - Premier janvier
2025-01-11,Commémoration de la présentation du manifeste de l'indépendance
2025-03-30,Eid al-Fitr* (*estimated)
2025-03-31,Eid al-Fitr* (*estimated)
2025-05-01,Fête du Travail
2025-06-06,Eid al-Adha* (*estimated)
2025-06-07,Eid al-Adha* (*estimated)
2025-06-26,1er Moharram* (*estimated)
2025-07-30,Fête du Trône
2025-08-14,Journée de Oued Ed-Dahab
2025-08-20,Commémoration de la révolution du Roi et du peuple
2025-08-21,Fête de la jeunesse
2025-09-04,Aid al Mawlid Annabawi* (*estimated)
2025-09-05,Aid al Mawlid Annabawi* (*estimated)
2025-11-06,Marche verte
2025-11-18,Fête de l'indépendance
2026-01-01,Nouvel an - Premier janvier
2026-01-11,Commémoration de la présentation du manifeste de l'indépendance
2026-03-20,Eid al-Fitr* (*estimated)
2026-03-21,Eid al-Fitr* (*estimated)
2026-05-01,Fête du Travail
2026-05-27,Eid al-Adha* (*estimated)
2026-05-28,Eid al-Adha* (*estimated)
2026-06-16,1er Moharram* (*estimated)
2026-07-30,Fête du Trône
2026-08-14,Journée de Oued Ed-Dahab
2026-08-20,Commémoration de la révolution du Roi et du peuple
2026-08-21,Fête de la jeunesse
2026-08-25,Aid al Mawlid Annabawi* (*estimated)
2026-08-26,Aid al Mawlid Annabawi* (*estimated)
2026-11-06,Marche verte
2026-11-18,Fête de l'indépendance
2027-01-01,Nouvel an - Premier janvier
2027-01-11,Commémoration de la présentation du manifeste de l'indépendance
2027-03-09,Eid al-Fitr* (*estimated)
2027-03-10,Eid al-Fitr* (*estimated)
2027-05-01,Fête du Travail
2027-05-16,Eid al-Adha* (*estimated)
2027-05-17,Eid al-Adha* (*estimated)
2027-06-06,1er Moharram* (*estimated)
2027-07-30,Fête du Trône
2027-08-14,Aid al Mawlid Annabawi* (*estimated); Journée de Oued Ed-Dahab
2027-08-15,Aid al Mawlid Annabawi* (*estimated)
2027-08-20,Commémoration de la révolution du Roi et du peuple
2027-08-21,Fête de la jeunesse
2027-11-06,Marche verte
2027-11-18,Fête de l'indépendance
2028-01-01,Nouvel an - Premier janvier
2028-01-11,Commémoration de la présentation du manifeste de l'indépendance
2028-02-26,Eid al-Fitr* (*estimated)
2028-02-27,Eid al-Fitr* (*estimated)
2028-05-01,Fête du Travail
2028-05-05,Eid al-Adha* (*estimated)
2028-05-06,Eid al-Adha* (*estimated)
2028-05-25,1er Moharram* (*estimated)
2028-07-30,Fête du Trône
2028-08-03,Aid al Mawlid Annabawi* (*estimated)
2028-08-04,Aid al Mawlid Annabawi* (*estimated)
2028-08-14,Journée de Oued Ed-Dahab
2028-08-20,Commémoration de la révolution du Roi et du peuple
2028-08-21,Fête de la jeunesse
2028-11-06,Marche verte
2028-11-18,Fête de l'indépendance
2029-01-01,Nouvel an - Premier janvier
2029-01-11,Commémoration de la présentation du manifeste de l'indépendance
2029-02-14,Eid al-Fitr* (*estimated)
2029-02-15,Eid al-Fitr* (*estimated)
2029-04-24,Eid al-Adha* (*estimated)
2029-04-25,Eid al-Adha* (*estimated)
2029-05-01,Fête du Travail
2029-05-14,1er Moharram* (*estimated)
2029-07-24,Aid al Mawlid Annabawi* (*estimated)
2029-07-25,Aid al Mawlid Annabawi* (*estimated)
2029-07-30,Fête du Trône
2029-08-14,Journée de Oued Ed-Dahab
2029-08-20,Commémoration de la révolution du Roi et du peuple
2029-08-21,Fête de la jeunesse
2029-11-06,Marche verte
2029-11-18,Fête de l'indépendance
2030-01-01,Nouvel an - Premier janvier
2030-01-11,Commémoration de la présentation du manifeste de l'indépendance
2030-02-04,Eid al-Fitr* (*estimated)
2030-02-05,Eid al-Fitr* (*estimated)
2030-04-13,Eid al-Adha* (*estimated)
2030-04-14,Eid al-Adha* (*estimated)
2030-05-01,Fête du Travail
2030-05-03,1er Moharram* (*estimated)
2030-07-13,Aid al Mawlid Annabawi* (*estimated)
2030-07-14,Aid al Mawlid Annabawi* (*estimated)
2030-07-30,Fête du Trône
2030-08-14,Journée de Oued Ed-Dahab
2030-08-20,Commémoration de la révolution du Roi et du peuple
2030-08-21,Fête de la jeunesse
2030-11-06,Marche verte
2030-11-18,Fête de l'indépendance
2031-01-01,Nouvel an - Premier janvier
2031-01-11,Commémoration de la présentation du manifeste de l'indépendance
2031-01-24,Eid al-Fitr* (*estimated)
2031-01-25,Eid al-Fitr* (*estimated)
2031-04-02,Eid al-Adha* (*estimated)
2031-04-03,Eid al-Adha* (*estimated)
2031-04-23,1er Moharram* (*estimated)
2031-05-01,Fête du Travail
2031-07-02,Aid al Mawlid Annabawi* (*estimated)
2031-07-03,Aid al Mawlid Annabawi* (*estimated)
2031-07-30,Fête du Trône
2031-08-14,Journée de Oued Ed-Dahab
2031-08-20,Commémoration de la révolution du Roi et du peuple
2031-08-21,Fête de la jeunesse
2031-11-06,Marche verte
2031-11-18,Fête de l'indépendance
2032-01-01,Nouvel an - Premier janvier
2032-01-11,Commémoration de la présentation du manifeste de l'indépendance
2032-01-14,Eid al-Fitr* (*estimated)
2032-01-15,Eid al-Fitr* (*estimated)
2032-03-22,Eid al-Adha* (*estimated)
2032-03-23,Eid al-Adha* (*estimated)
2032-04-11,1er Moharram* (*estimated)
2032-05-01,Fête du Travail
2032-06-20,Aid al Mawlid Annabawi* (*estimated)
2032-06-21,Aid al Mawlid Annabawi* (*estimated)
2032-07-30,Fête du Trône
2032-08-14,Journée de Oued Ed-Dahab
2032-08-20,Commémoration de la révolution du Roi et du peuple
2032-08-21,Fête de la jeunesse
2032-11-06,Marche verte
2032-11-18,Fête de l'indépendance
2033-01-01,Nouvel an - Premier janvier
2033-01-02,Eid al-Fitr* (*estimated)
2033-01-03,Eid al-Fitr* (*estimated)
2033-01-11,Commémoration de la présentation du manifeste de l'indépendance
2033-03-11,Eid al-Adha* (*estimated)
2033-03-12,Eid al-Adha* (*estimated)
2033-04-01,1er Moharram* (*estimated)
2033-05-01,Fête du Travail
2033-06-09,Aid al Mawlid Annabawi* (*estimated)
2033-06-10,Aid al Mawlid Annabawi* (*estimated)
2033-07-30,Fête du Trône
2033-08-14,Journée de Oued Ed-Dahab
2033-08-20,Commémoration de la révolution du Roi et du peuple
2033-08-21,Fête de la jeunesse
2033-11-06,Marche verte
2033-11-18,Fête de l'indépendance
2033-12-23,Eid al-Fitr* (*estimated)
2033-12-24,Eid al-Fitr* (*estimated)
2034-01-01,Nouvel an - Premier janvier
2034-01-11,Commémoration de la présentation du manifeste de l'indépendance
2034-03-01,Eid al-Adha* (*estimated)
2034-03-02,Eid al-Adha* (*estimated)
2034-03-21,1er Moharram* (*estimated)
2034-05-01,Fête du Travail
2034-05-30,Aid al Mawlid Annabawi* (*estimated)
2034-05-31,Aid al Mawlid Annabawi* (*estimated)
2034-07-30,Fête du Trône
2034-08-14,Journée de Oued Ed-Dahab
2034-08-20,Commémoration de la révolution du Roi et du peuple
2034-08-21,Fête de la jeunesse
2034-11-06,Marche verte
2034-11-18,Fête de l'indépendance
2034-12-12,Eid al-Fitr* (*estimated)
2034-12-13,Eid al-Fitr* (*estimated)
2035-01-01,Nouvel an - Premier janvier
2035-01-11,Commémoration de la présentation du manifeste de l'indépendance
2035-02-18,Eid al-Adha* (*estimated)
2035-02-19,Eid al-Adha* (*estimated)
2035-03-11,1er Moharram* (*estimated)
2035-05-01,Fête du Travail
2035-05-20,Aid al Mawlid Annabawi* (*estimated)
2035-05-21,Aid al Mawlid Annabawi* (*estimated)
2035-07-30,Fête du Trône
2035-08-14,Journée de Oued Ed-Dahab
2035-08-20,Commémoration de la révolution du Roi et du peuple
2035-08-21,Fête de la jeunesse
2035-11-06,Marche verte
2035-11-18,Fête de l'indépendance
2035-12-01,Eid al-Fitr* (*estimated)
2035-12-02,Eid al-Fitr* (*estimated)
2036-01-01,Nouvel an - Premier janvier
2036-01-11,Commémoration de la présentation du manifeste de l'indépendance
2036-02-07,Eid al-Adha* (*estimated)
2036-02-08,Eid al-Adha* (*estimated)
2036-02-28,1er Moharram* (*estimated)
2036-05-01,Fête du Travail
2036-05-08,Aid al Mawlid Annabawi* (*estimated)
2036-05-09,Aid al Mawlid Annabawi* (*estimated)
2036-07-30,Fête du Trône
2036-08-14,Journée de Oued Ed-Dahab
2036-08-20,Commémoration de la révolution du Roi et du peuple
2036-08-21,Fête de la jeunesse
2036-11-06,Marche verte
2036-11-18,Fête de l'indépendance
2036-11-19,Eid al-Fitr* (*estimated)
2036-11-20,Eid al-Fitr* (*estimated)
2037-01-01,Nouvel an - Premier janvier
2037-01-11,Commémoration de la présentation du manifeste de l'indépendance
2037-01-26,Eid al-Adha* (*estimated)
2037-01-27,Eid al-Adha* (*estimated)
2037-02-16,1er Moharram* (*estimated)
2037-04-28,Aid al Mawlid Annabawi* (*estimated)
2037-04-29,Aid al Mawlid Annabawi* (*estimated)
2037-05-01,Fête du Travail
2037-07-30,Fête du Trône
2037-08-14,Journée de Oued Ed-Dahab
2037-08-20,Commémoration de la révolution du Roi et du peuple
2037-08-21,Fête de la jeunesse
2037-11-06,Marche verte
2037-11-08,Eid al-Fitr* (*estimated)
2037-11-09,Eid al-Fitr* (*estimated)
2037-11-18,Fête de l'indépendance
2038-01-01,Nouvel an - Premier janvier
2038-01-11,Commémoration de la présentation du manifeste de l'indépendance
2038-01-16,Eid al-Adha* (*estimated)
2038-01-17,Eid al-Adha* (*estimated)
2038-02-05,1er Moharram* (*estimated)
2038-04-17,Aid al Mawlid Annabawi* (*estimated)
2038-04-18,Aid al Mawlid Annabawi* (*estimated)
2038-05-01,Fête du Travail
2038-07-30,Fête du Trône
2038-08-14,Journée de Oued Ed-Dahab
2038-08-20,Commémoration de la révolution du Roi et du peuple
2038-08-21,Fête de la jeunesse
2038-10-29,Eid al-Fitr* (*estimated)
2038-10-30,Eid al-Fitr* (*estimated)
2038-11-06,Marche verte
2038-11-18,Fête de l'indépendance
2039-01-01,Nouvel an - Premier janvier
2039-01-05,Eid al-Adha* (*estimated)
2039-01-06,Eid al-Adha* (*estimated)
2039-01-11,Commémoration de la présentation du manifeste de l'indépendance
2039-01-26,1er Moharram* (*estimated)
2039-04-06,Aid al Mawlid Annabawi* (*estimated)
2039-04-07,Aid al Mawlid Annabawi* (*estimated)
2039-05-01,Fête du Travail
2039-07-30,Fête du Trône
2039-08-14,Journée de Oued Ed-Dahab
2039-08-20,Commémoration de la révolution du Roi et du peuple
2039-08-21,Fête de la jeunesse
2039-10-19,Eid al-Fitr* (*estimated)
2039-10-20,Eid al-Fitr* (*estimated)
2039-11-06,Marche verte
2039-11-18,Fête de l'indépendance
2039-12-26,Eid al-Adha* (*estimated)
2039-12-27,Eid al-Adha* (*estimated)
2040-01-01,Nouvel an - Premier janvier
2040-01-11,Commémoration de la présentation du manifeste de l'indépendance
2040-01-15,1er Moharram* (*estimated)
2040-03-25,Aid al Mawlid Annabawi* (*estimated)
2040-03-26,Aid al Mawlid Annabawi* (*estimated)
2040-05-01,Fête du Travail
2040-07-30,Fête du Trône
2040-08-14,Journée de Oued Ed-Dahab
2040-08-20,Commémoration de la révolution du Roi et du peuple
2040-08-21,Fête de la jeunesse
2040-10-07,Eid al-Fitr* (*estimated)
2040-10-08,Eid al-Fitr* (*estimated)
2040-11-06,Marche verte
2040-11-18,Fête de l'indépendance
2040-12-14,Eid al-Adha* (*estimated)
2040-12-15,Eid al-Adha* (*estimated)
2041-01-01,Nouvel an - Premier janvier
2041-01-04,1er Moharram* (*estimated)
2041-01-11,Commémoration de la présentation du manifeste de l'indépendance
2041-03-15,Aid al Mawlid Annabawi* (*estimated)
2041-03-16,Aid al Mawlid Annabawi* (*estimated)
2041-05-01,Fête du Travail
2041-07-30,Fête du Trône
2041-08-14,Journée de Oued Ed-Dahab
2041-08-20,Commémoration de la révolution du Roi et du peuple
2041-08-21,Fête de la jeunesse
2041-09-26,Eid al-Fitr* (*estimated)
2041-09-27,Eid al-Fitr* (*estimated)
2041-11-06,Marche verte
2041-11-18,Fête de l'indépendance
2041-12-04,Eid al-Adha* (*estimated)
2041-12-05,Eid al-Adha* (*estimated)
2041-12-24,1er Moharram* (*estimated)
2042-01-01,Nouvel an - Premier janvier
2042-01-11,Commémoration de la présentation du manifeste de l'indépendance
2042-03-04,Aid al Mawlid Annabawi* (*estimated)
2042-03-05,Aid al Mawlid Annabawi* (*estimated)
2042-05-01,Fête du Travail
2042-07-30,Fête du Trône
2042-08-14,Journée de Oued Ed-Dahab
2042-08-20,Commémoration de la révolution du Roi et du peuple
2042-08-21,Fête de la jeunesse
2042-09-15,Eid al-Fitr* (*estimated)
2042-09-16,Eid al-Fitr* (*estimated)
2042-11-06,Marche verte
2042-11-18,Fête de l'indépendance
2042-11-23,Eid al-Adha* (*estimated)
2042-11-24,Eid al-Adha* (*estimated)
2042-12-14,1er Moharram* (*estimated)
2043-01-01,Nouvel an - Premier janvier
2043-01-11,Commémoration de la présentation du manifeste de l'indépendance
2043-02-22,Aid al Mawlid Annabawi* (*estimated)
2043-02-23,Aid al Mawlid Annabawi* (*estimated)
2043-05-01,Fête du Travail
2043-07-30,Fête du Trône
2043-08-14,Journée de Oued Ed-Dahab
2043-08-20,Commémoration de la révolution du Roi et du peuple
2043-08-21,Fête de la jeunesse
2043-09-04,Eid al-Fitr* (*estimated)
2043-09-05,Eid al-Fitr* (*estimated)
2043-11-06,Marche verte
2043-11-12,Eid al-Adha* (*estimated)
2043-11-13,Eid al-Adha* (*estimated)
2043-11-18,Fête de l'indépendance
2043-12-03,1er Moharram* (*estimated)
2044-01-01,Nouvel an - Premier janvier
2044-01-11,Commémoration de la présentation du manifeste de l'indépendance
2044-02-11,Aid al Mawlid Annabawi* (*estimated)
2044-02-12,Aid al Mawlid Annabawi* (*estimated)
2044-05-01,Fête du Travail
2044-07-30,Fête du Trône
2044-08-14,Journée de Oued Ed-Dahab
2044-08-20,Commémoration de la révolution du Roi et du peuple
2044-08-21,Fête de la jeunesse
2044-08-24,Eid al-Fitr* (*estimated)
2044-08-25,Eid al-Fitr* (*estimated)
2044-10-31,Eid al-Adha* (*estimated)
2044-11-01,Eid al-Adha* (*estimated)
2044-11-06,Marche verte
2044-11-18,Fête de l'indépendance
2044-11-21,1er Moharram* (*estimated)
2045-01-01,Nouvel an - Premier janvier
2045-01-11,Commémoration de la présentation du manifeste de l'indépendance
2045-01-30,Aid al Mawlid Annabawi* (*estimated)
2045-01-31,Aid al Mawlid Annabawi* (*estimated)
2045-05-01,Fête du Travail
2045-07-30,Fête du Trône
2045-08-14,Eid al-Fitr* (*estimated); Journée de Oued Ed-Dahab
2045-08-15,Eid al-Fitr* (*estimated)
2045-08-20,Commémoration de la révolution du Roi et du peuple
2045-08-21,Fête de la jeunesse
2045-10-21,Eid al-Adha* (*estimated)
2045-10-22,Eid al-Adha* (*estimated)
2045-11-06,Marche verte
2045-11-10,1er Moharram* (*estimated)
2045-11-18,Fête de l'indépendance
2046-01-01,Nouvel an - Premier janvier
2046-01-11,Commémoration de la présentation du manifeste de l'indépendance
2046-01-19,Aid al Mawlid Annabawi* (*estimated)
2046-01-20,Aid al Mawlid Annabawi* (*estimated)
2046-05-01,Fête du Travail
2046-07-30,Fête du Trône
2046-08-03,Eid al-Fitr* (*estimated)
2046-08-04,Eid al-Fitr* (*estimated)
2046-08-14,Journée de Oued Ed-Dahab
2046-08-20,Commémoration de la révolution du Roi et du peuple
2046-08-21,Fête de la jeunesse
2046-10-10,Eid al-Adha* (*estimated)
2046-10-11,Eid al-Adha* (*estimated)
2046-10-31,1er Moharram* (*estimated)
2046-11-06,Marche verte
2046-11-18,Fête de l'indépendance
2047-01-01,Nouvel an - Premier janvier
2047-01-08,Aid al Mawlid Annabawi* (*estimated)
2047-01-09,Aid al Mawlid Annabawi* (*estimated)
2047-01-11,Commémoration de la présentation du manifeste de l'indépendance
2047-05-01,Fête du Travail
2047-07-24,Eid al-Fitr* (*estimated)
2047-07-25,Eid al-Fitr* (*estimated)
2047-07-30,Fête du Trône
2047-08-14,Journée de Oued Ed-Dahab
2047-08-20,Commémoration de la révolution du Roi et du peuple
2047-08-21,Fête de la jeunesse
2047-09-30,Eid al-Adha* (*estimated)
2047-10-01,Eid al-Adha* (*estimated)
2047-10-20,1er Moharram* (*estimated)
2047-11-06,Marche verte
2047-11-18,Fête de l'indépendance
2047-12-29,Aid al Mawlid Annabawi* (*estimated)
2047-12-30,Aid al Mawlid Annabawi* (*estimated)
2048-01-01,Nouvel an - Premier janvier
2048-01-11,Commémoration de la présentation du manifeste de l'indépendance
2048-05-01,Fête du Travail
2048-07-12,Eid al-Fitr* (*estimated)
2048-07-13,Eid al-Fitr* (*estimated)
2048-07-30,Fête du Trône
2048-08-14,Journée de Oued Ed-Dahab
2048-08-20,Commémoration de la révolution du Roi et du peuple
2048-08-21,Fête de la jeunesse
2048-09-19,Eid al-Adha* (*estimated)
2048-09-20,Eid al-Adha* (*estimated)
2048-10-09,1er Moharram* (*estimated)
2048-11-06,Marche verte
2048-11-18,Fête de l'indépendance
2048-12-18,Aid al Mawlid Annabawi* (*estimated)
2048-12-19,Aid al Mawlid Annabawi* (*estimated)
2049-01-01,Nouvel an - Premier janvier
2049-01-11,Commémoration de la présentation du manifeste de l'indépendance
2049-05-01,Fête du Travail
2049-07-01,Eid al-Fitr* (*estimated)
2049-07-02,Eid al-Fitr* (*estimated)
2049-07-30,Fête du Trône
2049-08-14,Journée de Oued Ed-Dahab
2049-08-20,Commémoration de la révolution du Roi et du peuple
2049-08-21,Fête de la jeunesse
2049-09-08,Eid al-Adha* (*estimated)
2049-09-09,Eid al-Adha* (*estimated)
2049-09-28,1er Moharram* (*estimated)
2049-11-06,Marche verte
2049-11-18,Fête de l'indépendance
2049-12-07,Aid al Mawlid Annabawi* (*estimated)
2049-12-08,Aid al Mawlid Annabawi* (*estimated)
2050-01-01,Nouvel an - Premier janvier
2050-01-11,Commémoration de la présentation du manifeste de l'indépendance
2050-05-01,Fête du Travail
2050-06-20,Eid al-Fitr* (*estimated)
2050-06-21,Eid al-Fitr* (*estimated)
2050-07-30,Fête du Trône
2050-08-14,Journée de Oued Ed-Dahab
2050-08-20,Commémoration de la révolution du Roi et du peuple
2050-08-21,Fête de la jeunesse
2050-08-28,Eid al-Adha* (*estimated)
2050-08-29,Eid al-Adha* (*estimated)
2050-09-17,1er Moharram* (*estimated)
2050-11-06,Marche verte
2050-11-18,Fête de l'indépendance
2050-11-26,Aid al Mawlid Annabawi* (*estimated)
2050-11-27,Aid al Mawlid Annabawi* (*estimated)
